GAME,DATE,NUMBERS,MB,MP,JACKPOT
"MEGAMILLIONS","02/28/2017","20-33-45-58-69","4","2","ROLLOVER",
"MEGAMILLIONS","02/24/2017","12-29-33-42-68","14","3","ROLLOVER",
"MEGAMILLIONS","02/21/2017","09-21-30-32-75","9","5","ROLLOVER",
"MEGAMILLIONS","02/17/2017","04-56-58-67-75","8","5","ROLLOVER",
"MEGAMILLIONS","02/14/2017","07-11-33-60-68","15","5","ROLLOVER",
"MEGAMILLIONS","02/10/2017","32-39-51-62-75","14","5","ROLLOVER",
"MEGAMILLIONS","02/07/2017","23-28-37-56-71","12","5","ROLLOVER",
"MEGAMILLIONS","02/03/2017","03-06-29-30-64","3","5","ROLLOVER",
"MEGAMILLIONS","01/31/2017","03-14-27-62-72","4","3","ROLLOVER",
"MEGAMILLIONS","01/27/2017","17-37-53-54-61","8","3","CA",
"MEGAMILLIONS","01/24/2017","08-42-54-63-67","11","4","ROLLOVER",
"MEGAMILLIONS","01/20/2017","07-09-24-41-53","14","3","ROLLOVER",
"MEGAMILLIONS","01/17/2017","20-31-54-56-59","3","5","ROLLOVER",
"MEGAMILLIONS","01/13/2017","10-44-58-74-75","11","3","ROLLOVER",
"MEGAMILLIONS","01/10/2017","11-20-40-41-59","15","5","ROLLOVER",
"MEGAMILLIONS","01/06/2017","06-10-44-47-54","6","5","ROLLOVER",
"MEGAMILLIONS","01/03/2017","14-16-23-49-53","12","2","ROLLOVER",
"MEGAMILLIONS","12/30/2016","06-21-33-39-43","2","2","ROLLOVER",
"MEGAMILLIONS","12/27/2016","02-28-30-38-39","11","4","ROLLOVER",
"MEGAMILLIONS","12/23/2016","21-30-39-60-69","15","5","ROLLOVER",
"MEGAMILLIONS","12/20/2016","01-12-14-48-65","2","5","ROLLOVER",
"MEGAMILLIONS","12/16/2016","01-08-15-36-43","6","5","ROLLOVER",
"MEGAMILLIONS","12/13/2016","02-15-26-34-41","14","5","ROLLOVER",
"MEGAMILLIONS","12/09/2016","19-27-47-67-68","1","5","ROLLOVER",
"MEGAMILLIONS","12/06/2016","13-34-48-53-63","12","4","ROLLOVER",
"MEGAMILLIONS","12/02/2016","03-33-35-49-51","1","2","ROLLOVER",
"MEGAMILLIONS","11/29/2016","22-33-49-51-59","8","4","ROLLOVER",
"MEGAMILLIONS","11/25/2016","44-47-49-69-75","10","3","ROLLOVER",
"MEGAMILLIONS","11/22/2016","01-43-45-66-69","7","5","ROLLOVER",
"MEGAMILLIONS","11/18/2016","31-32-49-55-58","15","5","GA",
"MEGAMILLIONS","11/15/2016","09-17-23-57-71","6","3","ROLLOVER",
"MEGAMILLIONS","11/11/2016","16-40-47-53-59","11","5","ROLLOVER",
"MEGAMILLIONS","11/08/2016","46-48-53-61-74","12","4","ROLLOVER",
"MEGAMILLIONS","11/04/2016","10-29-32-44-46","10","3","ROLLOVER",
"MEGAMILLIONS","11/01/2016","19-24-31-39-45","13","2","ROLLOVER",
"MEGAMILLIONS","10/28/2016","07-38-46-57-66","2","5","ROLLOVER",
"MEGAMILLIONS","10/25/2016","08-09-24-49-67","13","3","ROLLOVER",
"MEGAMILLIONS","10/21/2016","12-43-44-48-66","3","4","ROLLOVER",
"MEGAMILLIONS","10/18/2016","07-24-28-65-74","1","2","ROLLOVER",
"MEGAMILLIONS","10/14/2016","07-27-60-64-74","5","3","ROLLOVER",
"MEGAMILLIONS","10/11/2016","36-39-42-45-48","3","2","TX",
"MEGAMILLIONS","10/07/2016","24-37-42-50-65","14","2","ROLLOVER",
"MEGAMILLIONS","10/04/2016","18-29-30-54-66","1","5","ROLLOVER",
"MEGAMILLIONS","09/30/2016","21-30-47-50-57","9","5","ROLLOVER",
"MEGAMILLIONS","09/27/2016","14-16-26-53-72","4","4","ROLLOVER",
"MEGAMILLIONS","09/23/2016","01-05-08-25-62","14","3","ROLLOVER",
"MEGAMILLIONS","09/20/2016","02-22-34-62-72","2","5","ROLLOVER",
"MEGAMILLIONS","09/16/2016","13-21-28-34-40","15","3","IL",
"MEGAMILLIONS","09/13/2016","06-15-17-39-56","15","3","ROLLOVER",
"MEGAMILLIONS","09/09/2016","01-34-43-44-63","11","4","ROLLOVER",
"MEGAMILLIONS","09/06/2016","25-37-58-69-75","8","3","ROLLOVER",
"MEGAMILLIONS","09/02/2016","22-28-41-46-60","3","3","ROLLOVER",
"MEGAMILLIONS","08/30/2016","28-32-41-51-71","11","4","ROLLOVER",
"MEGAMILLIONS","08/26/2016","10-11-31-41-44","14","2","ROLLOVER",
"MEGAMILLIONS","08/23/2016","02-07-46-61-66","1","2","ROLLOVER",
"MEGAMILLIONS","08/19/2016","22-37-45-65-73","13","5","ROLLOVER",
"MEGAMILLIONS","08/16/2016","02-43-52-62-63","6","5","ROLLOVER",
"MEGAMILLIONS","08/12/2016","04-41-44-56-69","10","4","ROLLOVER",
"MEGAMILLIONS","08/09/2016","12-19-20-44-66","1","5","ROLLOVER",
"MEGAMILLIONS","08/05/2016","05-18-28-54-74","6","4","ROLLOVER",
"MEGAMILLIONS","08/02/2016","03-12-36-54-70","12","5","ROLLOVER",
"MEGAMILLIONS","07/29/2016","11-16-19-31-48","4","5","ROLLOVER",
"MEGAMILLIONS","07/26/2016","01-04-31-36-54","9","3","ROLLOVER",
"MEGAMILLIONS","07/22/2016","08-24-25-26-30","7","4","GA, VA",
"MEGAMILLIONS","07/19/2016","03-34-54-65-66","4","5","WA",
"MEGAMILLIONS","07/15/2016","16-51-52-56-58","4","2","ROLLOVER",
"MEGAMILLIONS","07/12/2016","06-08-22-46-68","4","4","ROLLOVER",
"MEGAMILLIONS","07/08/2016","08-19-20-55-73","5","2","IN",
"MEGAMILLIONS","07/05/2016","29-46-53-64-73","10","5","ROLLOVER",
"MEGAMILLIONS","07/01/2016","20-41-42-45-49","14","2","ROLLOVER",
"MEGAMILLIONS","06/28/2016","15-17-20-35-55","7","2","ROLLOVER",
"MEGAMILLIONS","06/24/2016","11-14-54-57-63","11","5","ROLLOVER",
"MEGAMILLIONS","06/21/2016","06-13-21-49-50","10","5","ROLLOVER",
"MEGAMILLIONS","06/17/2016","20-23-30-44-59","9","5","ROLLOVER",
"MEGAMILLIONS","06/14/2016","36-37-38-52-62","6","5","ROLLOVER",
"MEGAMILLIONS","06/10/2016","34-61-66-67-68","7","5","ROLLOVER",
"MEGAMILLIONS","06/07/2016","25-48-51-65-72","4","4","ROLLOVER",
"MEGAMILLIONS","06/03/2016","32-54-65-66-71","10","3","ROLLOVER",
"MEGAMILLIONS","05/31/2016","09-31-34-41-49","8","5","ROLLOVER",
"MEGAMILLIONS","05/27/2016","18-41-50-68-70","9","3","ROLLOVER",
"MEGAMILLIONS","05/24/2016","11-50-51-70-75","15","4","ROLLOVER",
"MEGAMILLIONS","05/20/2016","19-24-26-40-68","8","2","ROLLOVER",
"MEGAMILLIONS","05/17/2016","17-24-27-48-75","6","3","ROLLOVER",
"MEGAMILLIONS","05/13/2016","20-21-38-54-66","7","4","ROLLOVER",
"MEGAMILLIONS","05/10/2016","12-22-46-56-74","4","3","ROLLOVER",
"MEGAMILLIONS","05/06/2016","14-26-27-32-36","7","4","ROLLOVER",
"MEGAMILLIONS","05/03/2016","28-29-33-36-45","15","5","ROLLOVER",
"MEGAMILLIONS","04/29/2016","05-06-37-55-74","10","5","ROLLOVER",
"MEGAMILLIONS","04/26/2016","14-16-17-28-48","2","2","ROLLOVER",
"MEGAMILLIONS","04/22/2016","02-19-21-42-60","13","5","ROLLOVER",
"MEGAMILLIONS","04/19/2016","09-28-40-57-65","2","5","ROLLOVER",
"MEGAMILLIONS","04/15/2016","09-10-34-37-73","9","5","ROLLOVER",
"MEGAMILLIONS","04/12/2016","07-11-59-62-63","3","5","ROLLOVER",
"MEGAMILLIONS","04/08/2016","31-38-52-65-71","15","3","ROLLOVER",
"MEGAMILLIONS","04/05/2016","13-45-52-53-57","10","5","ROLLOVER",
"MEGAMILLIONS","04/01/2016","25-28-33-41-69","6","2","ROLLOVER",
"MEGAMILLIONS","03/29/2016","33-38-40-46-49","15","5","ROLLOVER",
"MEGAMILLIONS","03/25/2016","04-11-12-35-46","12","2","ROLLOVER",
"MEGAMILLIONS","03/22/2016","06-19-34-38-70","5","5","ROLLOVER",
"MEGAMILLIONS","03/18/2016","05-08-57-59-73","13","5","ROLLOVER",
"MEGAMILLIONS","03/15/2016","18-26-30-44-68","7","4","ROLLOVER",
"MEGAMILLIONS","03/11/2016","14-18-48-54-71","13","4","ROLLOVER",
"MEGAMILLIONS","03/08/2016","27-37-54-66-69","5","5","WA",
"MEGAMILLIONS","03/04/2016","21-26-33-48-73","14","4","ROLLOVER",
"MEGAMILLIONS","03/01/2016","01-29-33-34-55","6","5","ROLLOVER",
"MEGAMILLIONS","02/26/2016","03-15-19-62-74","14","4","ROLLOVER",
"MEGAMILLIONS","02/23/2016","16-32-39-53-57","10","5","ROLLOVER",
"MEGAMILLIONS","02/19/2016","02-27-41-50-75","4","4","ROLLOVER",
"MEGAMILLIONS","02/16/2016","09-31-33-46-64","4","3","ROLLOVER",
"MEGAMILLIONS","02/12/2016","01-07-44-68-73","1","3","ROLLOVER",
"MEGAMILLIONS","02/09/2016","03-42-46-56-71","13","4","ROLLOVER",
"MEGAMILLIONS","02/05/2016","04-06-23-55-75","2","3","ROLLOVER",
"MEGAMILLIONS","02/02/2016","07-13-25-51-70","9","4","ROLLOVER",
"MEGAMILLIONS","01/29/2016","20-28-49-51-52","6","2","ROLLOVER",
"MEGAMILLIONS","01/26/2016","14-27-39-50-69","2","2","ROLLOVER",
"MEGAMILLIONS","01/22/2016","21-25-40-46-56","3","5","ROLLOVER",
"MEGAMILLIONS","01/19/2016","02-17-31-39-47","9","2","ROLLOVER",
"MEGAMILLIONS","01/15/2016","29-41-53-54-70","12","2","ROLLOVER",
"MEGAMILLIONS","01/12/2016","15-27-29-31-48","15","4","ROLLOVER",
"MEGAMILLIONS","01/08/2016","11-39-51-57-75","2","5","NY",
"MEGAMILLIONS","01/05/2016","01-04-36-48-57","13","5","ROLLOVER",
"MEGAMILLIONS","01/01/2016","07-18-37-38-39","9","5","ROLLOVER",
"MEGAMILLIONS","12/29/2015","20-25-55-62-74","7","3","ROLLOVER",
"MEGAMILLIONS","12/25/2015","15-25-29-44-51","4","4","ROLLOVER",
"MEGAMILLIONS","12/22/2015","11-21-40-50-70","15","3","ROLLOVER",
"MEGAMILLIONS","12/18/2015","06-23-24-28-62","7","5","ROLLOVER",
"MEGAMILLIONS","12/15/2015","18-25-47-51-61","5","5","ROLLOVER",
"MEGAMILLIONS","12/11/2015","14-20-43-54-69","5","4","ROLLOVER",
"MEGAMILLIONS","12/08/2015","07-17-37-49-73","15","3","ROLLOVER",
"MEGAMILLIONS","12/04/2015","26-42-47-61-73","6","5","ROLLOVER",
"MEGAMILLIONS","12/01/2015","05-07-25-50-59","12","2","ROLLOVER",
"MEGAMILLIONS","11/27/2015","16-20-39-56-59","12","3","ROLLOVER",
"MEGAMILLIONS","11/24/2015","02-19-30-38-70","8","4","ROLLOVER",
"MEGAMILLIONS","11/20/2015","09-12-29-37-67","15","2","ROLLOVER",
"MEGAMILLIONS","11/17/2015","12-14-18-24-61","10","3","ROLLOVER",
"MEGAMILLIONS","11/13/2015","17-18-31-35-59","9","5","OH",
"MEGAMILLIONS","11/10/2015","08-17-20-45-71","4","4","ROLLOVER",
"MEGAMILLIONS","11/06/2015","10-31-35-50-72","8","3","ROLLOVER",
"MEGAMILLIONS","11/03/2015","16-29-44-69-74","12","5","ROLLOVER",
"MEGAMILLIONS","10/30/2015","17-41-51-53-56","15","5","ROLLOVER",
"MEGAMILLIONS","10/27/2015","09-26-27-29-74","4","3","ROLLOVER",
"MEGAMILLIONS","10/23/2015","25-32-37-45-70","1","5","ROLLOVER",
"MEGAMILLIONS","10/20/2015","06-25-35-38-52","4","4","ROLLOVER",
"MEGAMILLIONS","10/16/2015","02-38-48-61-68","4","3","ROLLOVER",
"MEGAMILLIONS","10/13/2015","07-09-24-38-52","1","5","ROLLOVER",
"MEGAMILLIONS","10/09/2015","08-09-21-63-75","14","4","ROLLOVER",
"MEGAMILLIONS","10/06/2015","17-58-63-64-66","13","3","ROLLOVER",
"MEGAMILLIONS","10/02/2015","04-14-29-31-47","9","2","ROLLOVER",
"MEGAMILLIONS","09/29/2015","08-21-30-61-62","9","3","ROLLOVER",
"MEGAMILLIONS","09/25/2015","03-08-38-51-64","4","5","ROLLOVER",
"MEGAMILLIONS","09/22/2015","28-30-38-45-51","8","5","ROLLOVER",
"MEGAMILLIONS","09/18/2015","17-34-35-51-65","7","3","ROLLOVER",
"MEGAMILLIONS","09/15/2015","07-20-35-49-56","9","4","ROLLOVER",
"MEGAMILLIONS","09/11/2015","05-11-31-50-67","14","2","NY",
"MEGAMILLIONS","09/08/2015","19-20-36-41-46","7","3","ROLLOVER",
"MEGAMILLIONS","09/04/2015","17-21-39-52-57","5","5","ROLLOVER",
"MEGAMILLIONS","09/01/2015","02-05-35-40-54","13","5","ROLLOVER",
"MEGAMILLIONS","08/28/2015","13-35-40-60-68","9","4","ROLLOVER",
"MEGAMILLIONS","08/25/2015","05-44-54-59-63","1","5","ROLLOVER",
"MEGAMILLIONS","08/21/2015","13-15-21-41-72","1","5","ROLLOVER",
"MEGAMILLIONS","08/18/2015","02-07-33-39-53","9","3","ROLLOVER",
"MEGAMILLIONS","08/14/2015","12-15-20-52-71","3","4","ROLLOVER",
"MEGAMILLIONS","08/11/2015","03-08-29-57-68","8","4","ROLLOVER",
"MEGAMILLIONS","08/07/2015","01-38-53-63-66","10","3","ROLLOVER",
"MEGAMILLIONS","08/04/2015","02-19-44-51-57","14","2","ROLLOVER",
"MEGAMILLIONS","07/31/2015","28-32-33-40-46","10","4","MO",
"MEGAMILLIONS","07/28/2015","08-35-61-68-75","15","5","ROLLOVER",
"MEGAMILLIONS","07/24/2015","10-12-26-60-62","13","5","ROLLOVER",
"MEGAMILLIONS","07/21/2015","20-30-62-65-74","1","5","PA",
"MEGAMILLIONS","07/17/2015","06-17-30-31-41","15","3","ROLLOVER",
"MEGAMILLIONS","07/14/2015","19-24-30-35-72","5","3","ROLLOVER",
"MEGAMILLIONS","07/10/2015","24-27-45-51-54","8","3","ROLLOVER",
"MEGAMILLIONS","07/07/2015","06-15-16-28-49","14","3","ROLLOVER",
"MEGAMILLIONS","07/03/2015","33-50-64-71-72","9","4","ROLLOVER",
"MEGAMILLIONS","06/30/2015","11-17-34-43-50","15","4","ROLLOVER",
"MEGAMILLIONS","06/26/2015","12-23-33-47-50","3","5","ROLLOVER",
"MEGAMILLIONS","06/23/2015","06-13-38-56-70","2","5","ROLLOVER",
"MEGAMILLIONS","06/19/2015","04-35-36-52-68","8","3","ROLLOVER",
"MEGAMILLIONS","06/16/2015","08-19-26-56-67","14","2","ROLLOVER",
"MEGAMILLIONS","06/12/2015","01-40-42-56-62","2","5","ROLLOVER",
"MEGAMILLIONS","06/09/2015","06-16-17-25-36","7","5","ROLLOVER",
"MEGAMILLIONS","06/05/2015","07-22-27-41-49","10","4","ROLLOVER",
"MEGAMILLIONS","06/02/2015","02-09-11-22-23","12","4","IL",
"MEGAMILLIONS","05/29/2015","20-27-38-49-66","2","4","ROLLOVER",
"MEGAMILLIONS","05/26/2015","01-39-52-69-72","12","4","ROLLOVER",
"MEGAMILLIONS","05/22/2015","03-14-15-25-48","8","5","ROLLOVER",
"MEGAMILLIONS","05/19/2015","10-12-21-29-65","10","5","ROLLOVER",
"MEGAMILLIONS","05/15/2015","11-17-21-36-74","15","5","ROLLOVER",
"MEGAMILLIONS","05/12/2015","14-30-33-36-44","2","5","ROLLOVER",
"MEGAMILLIONS","05/08/2015","09-21-25-66-72","7","3","ROLLOVER",
"MEGAMILLIONS","05/05/2015","11-21-42-62-71","7","5","ROLLOVER",
"MEGAMILLIONS","05/01/2015","17-18-61-66-74","3","3","ROLLOVER",
"MEGAMILLIONS","04/28/2015","22-27-55-58-63","11","5","ROLLOVER",
"MEGAMILLIONS","04/24/2015","24-25-29-47-67","4","4","ROLLOVER",
"MEGAMILLIONS","04/21/2015","31-33-35-41-69","11","5","ROLLOVER",
"MEGAMILLIONS","04/17/2015","15-18-29-41-50","5","2","ROLLOVER",
"MEGAMILLIONS","04/14/2015","03-07-25-68-71","3","5","ROLLOVER",
"MEGAMILLIONS","04/10/2015","06-11-32-46-68","9","2","ROLLOVER",
"MEGAMILLIONS","04/07/2015","05-15-22-26-64","6","4","ROLLOVER",
"MEGAMILLIONS","04/03/2015","10-36-47-63-74","2","5","ROLLOVER",
"MEGAMILLIONS","03/31/2015","08-26-41-61-73","11","5","ROLLOVER",
"MEGAMILLIONS","03/27/2015","17-21-36-58-70","3","5","ROLLOVER",
"MEGAMILLIONS","03/24/2015","02-23-32-45-55","12","2","NY",
"MEGAMILLIONS","03/20/2015","07-50-54-61-75","7","4","ROLLOVER",
"MEGAMILLIONS","03/17/2015","11-27-44-45-58","3","5","ROLLOVER",
"MEGAMILLIONS","03/13/2015","08-22-30-42-45","3","5","ROLLOVER",
"MEGAMILLIONS","03/10/2015","10-14-19-30-73","14","5","ROLLOVER",
"MEGAMILLIONS","03/06/2015","30-48-55-68-73","5","3","ROLLOVER",
"MEGAMILLIONS","03/03/2015","09-11-42-44-50","3","4","ROLLOVER",
"MEGAMILLIONS","02/27/2015","07-49-53-60-64","4","2","NY",
"MEGAMILLIONS","02/24/2015","15-23-26-45-66","4","3","ROLLOVER",
"MEGAMILLIONS","02/20/2015","02-06-08-52-66","13","3","ROLLOVER",
"MEGAMILLIONS","02/17/2015","06-45-50-65-66","1","5","ROLLOVER",
"MEGAMILLIONS","02/13/2015","04-20-44-65-74","14","3","ROLLOVER",
"MEGAMILLIONS","02/10/2015","07-42-53-58-71","15","2","ROLLOVER",
"MEGAMILLIONS","02/06/2015","05-06-17-33-68","13","3","ROLLOVER",
"MEGAMILLIONS","02/03/2015","11-22-25-58-69","13","5","ROLLOVER",
"MEGAMILLIONS","01/30/2015","18-31-39-45-55","6","5","ROLLOVER",
"MEGAMILLIONS","01/27/2015","05-26-27-44-57","7","3","ROLLOVER",
"MEGAMILLIONS","01/23/2015","14-15-32-68-72","8","2","ROLLOVER",
"MEGAMILLIONS","01/20/2015","31-35-56-59-63","6","5","ROLLOVER",
"MEGAMILLIONS","01/16/2015","26-32-44-45-58","11","3","IL",
"MEGAMILLIONS","01/13/2015","12-20-25-50-51","7","5","ROLLOVER",
"MEGAMILLIONS","01/09/2015","37-49-50-56-57","8","5","ROLLOVER",
"MEGAMILLIONS","01/06/2015","12-20-27-38-75","4","3","ROLLOVER",
"MEGAMILLIONS","01/02/2015","13-15-35-62-74","12","4","ROLLOVER",
"MEGAMILLIONS","12/30/2014","03-07-44-63-67","12","4","ROLLOVER",
"MEGAMILLIONS","12/26/2014","02-05-10-20-38","14","3","ROLLOVER",
"MEGAMILLIONS","12/23/2014","04-10-31-56-66","7","3","ROLLOVER",
"MEGAMILLIONS","12/19/2014","14-18-58-59-68","4","3","ROLLOVER",
"MEGAMILLIONS","12/16/2014","41-58-68-72-73","1","5","ROLLOVER",
"MEGAMILLIONS","12/12/2014","02-31-46-58-65","7","5","ROLLOVER",
"MEGAMILLIONS","12/09/2014","27-45-49-51-52","14","5","ROLLOVER",
"MEGAMILLIONS","12/05/2014","04-05-11-51-59","5","5","ROLLOVER",
"MEGAMILLIONS","12/02/2014","13-18-22-49-62","11","5","ROLLOVER",
"MEGAMILLIONS","11/28/2014","08-26-29-36-47","10","3","ROLLOVER",
"MEGAMILLIONS","11/25/2014","10-11-29-47-56","4","2","ROLLOVER",
"MEGAMILLIONS","11/21/2014","03-12-35-37-63","15","2","ROLLOVER",
"MEGAMILLIONS","11/18/2014","37-39-53-68-75","6","2","ROLLOVER",
"MEGAMILLIONS","11/14/2014","03-49-61-62-68","15","5","ROLLOVER",
"MEGAMILLIONS","11/11/2014","23-25-28-30-75","11","5","ROLLOVER",
"MEGAMILLIONS","11/07/2014","31-35-41-65-66","5","5","ROLLOVER",
"MEGAMILLIONS","11/04/2014","09-15-24-39-41","1","4","NY",
"MEGAMILLIONS","10/31/2014","11-29-36-58-67","15","2","ROLLOVER",
"MEGAMILLIONS","10/28/2014","03-50-57-58-60","11","5","ROLLOVER",
"MEGAMILLIONS","10/24/2014","02-14-21-28-55","3","3","ROLLOVER",
"MEGAMILLIONS","10/21/2014","05-35-37-41-66","11","5","ROLLOVER",
"MEGAMILLIONS","10/17/2014","21-31-43-56-60","12","4","ROLLOVER",
"MEGAMILLIONS","10/14/2014","11-37-46-64-68","15","3","ROLLOVER",
"MEGAMILLIONS","10/10/2014","02-32-35-50-59","3","5","ROLLOVER",
"MEGAMILLIONS","10/07/2014","16-29-46-48-55","2","3","ROLLOVER",
"MEGAMILLIONS","10/03/2014","03-20-34-58-67","6","3","ROLLOVER",
"MEGAMILLIONS","09/30/2014","03-16-52-54-61","6","5","ROLLOVER",
"MEGAMILLIONS","09/26/2014","17-26-35-46-62","9","5","ROLLOVER",
"MEGAMILLIONS","09/23/2014","21-24-25-40-43","12","5","ROLLOVER",
"MEGAMILLIONS","09/19/2014","16-25-27-29-34","2","2","ROLLOVER",
"MEGAMILLIONS","09/16/2014","25-45-51-53-73","2","2","ROLLOVER",
"MEGAMILLIONS","09/12/2014","18-28-33-36-42","7","3","ROLLOVER",
"MEGAMILLIONS","09/09/2014","25-34-55-70-71","1","4","ROLLOVER",
"MEGAMILLIONS","09/05/2014","07-12-20-24-59","7","2","ROLLOVER",
"MEGAMILLIONS","09/02/2014","01-08-54-69-72","1","3","ROLLOVER",
"MEGAMILLIONS","08/29/2014","03-26-45-58-73","12","2","ROLLOVER",
"MEGAMILLIONS","08/26/2014","29-31-51-60-64","1","5","ROLLOVER",
"MEGAMILLIONS","08/22/2014","05-31-34-41-74","3","5","$180,000,000 - CA",
"MEGAMILLIONS","08/19/2014","22-39-56-67-71","15","4","ROLLOVER",
"MEGAMILLIONS","08/15/2014","16-19-28-29-68","9","2","ROLLOVER",
"MEGAMILLIONS","08/12/2014","32-53-60-63-68","6","4","ROLLOVER",
"MEGAMILLIONS","08/08/2014","09-16-61-70-75","7","5","ROLLOVER",
"MEGAMILLIONS","08/05/2014","25-28-36-45-53","6","5","ROLLOVER",
"MEGAMILLIONS","08/01/2014","13-29-34-37-72","6","5","ROLLOVER",
"MEGAMILLIONS","07/29/2014","02-08-16-43-74","1","4","ROLLOVER",
"MEGAMILLIONS","07/25/2014","22-29-33-41-68","12","5","ROLLOVER",
"MEGAMILLIONS","07/22/2014","14-18-22-31-47","15","3","ROLLOVER",
"MEGAMILLIONS","07/18/2014","05-08-59-65-72","3","3","ROLLOVER",
"MEGAMILLIONS","07/15/2014","02-04-17-36-40","5","2","ROLLOVER",
"MEGAMILLIONS","07/11/2014","09-13-30-35-69","10","5","ROLLOVER",
"MEGAMILLIONS","07/08/2014","14-25-27-48-49","9","5","ROLLOVER",
"MEGAMILLIONS","07/04/2014","16-33-39-58-69","2","5","ROLLOVER",
"MEGAMILLIONS","07/01/2014","09-22-38-47-49","15","3","ROLLOVER",
"MEGAMILLIONS","06/27/2014","15-29-31-46-64","10","3","$33,000,000 - TX",
"MEGAMILLIONS","06/24/2014","13-17-24-47-65","10","4","ROLLOVER",
"MEGAMILLIONS","06/20/2014","01-22-25-29-56","3","5","ROLLOVER",
"MEGAMILLIONS","06/17/2014","10-14-24-47-60","3","4","ROLLOVER",
"MEGAMILLIONS","06/13/2014","07-38-46-49-56","1","5","$66,000,000 - MI",
"MEGAMILLIONS","06/10/2014","02-10-24-26-74","7","5","ROLLOVER",
"MEGAMILLIONS","06/06/2014","12-29-37-49-72","9","4","ROLLOVER",
"MEGAMILLIONS","06/03/2014","19-28-62-66-74","6","3","ROLLOVER",
"MEGAMILLIONS","05/30/2014","10-13-42-43-62","2","4","ROLLOVER",
"MEGAMILLIONS","05/27/2014","01-06-10-46-58","13","2","ROLLOVER",
"MEGAMILLIONS","05/23/2014","12-14-21-38-70","15","4","ROLLOVER",
"MEGAMILLIONS","05/20/2014","10-40-63-64-69","7","2","$149,000,000 - PA",
"MEGAMILLIONS","05/16/2014","13-14-16-50-56","11","5","ROLLOVER",
"MEGAMILLIONS","05/13/2014","37-46-48-70-74","1","2","ROLLOVER",
"MEGAMILLIONS","05/09/2014","10-28-39-51-59","14","2","ROLLOVER",
"MEGAMILLIONS","05/06/2014","18-20-27-48-51","5","3","ROLLOVER",
"MEGAMILLIONS","05/02/2014","01-18-26-35-40","13","5","ROLLOVER",
"MEGAMILLIONS","04/29/2014","07-43-59-61-66","3","3","ROLLOVER",
"MEGAMILLIONS","04/25/2014","03-11-18-20-66","9","2","ROLLOVER",
"MEGAMILLIONS","04/22/2014","02-18-19-49-50","1","3","ROLLOVER",
"MEGAMILLIONS","04/18/2014","18-25-38-45-63","9","2","ROLLOVER",
"MEGAMILLIONS","04/15/2014","04-39-46-47-70","13","3","ROLLOVER",
"MEGAMILLIONS","04/11/2014","03-42-44-47-57","8","5","ROLLOVER",
"MEGAMILLIONS","04/08/2014","35-36-41-60-71","3","3","ROLLOVER",
"MEGAMILLIONS","04/04/2014","01-10-15-41-54","9","2","$30,000,000 - CA",
"MEGAMILLIONS","04/01/2014","10-23-68-74-75","9","5","ROLLOVER",
"MEGAMILLIONS","03/28/2014","02-03-09-50-73","12","3","ROLLOVER",
"MEGAMILLIONS","03/25/2014","19-26-51-57-73","15","3","$20,000,000 - NY",
"MEGAMILLIONS","03/21/2014","02-23-30-35-53","10","5","ROLLOVER",
"MEGAMILLIONS","03/18/2014","11-19-24-33-51","7","3","$400,000,000 - FL, MD",
"MEGAMILLIONS","03/14/2014","07-20-40-54-69","12","3","ROLLOVER",
"MEGAMILLIONS","03/11/2014","09-14-56-57-69","10","4","ROLLOVER",
"MEGAMILLIONS","03/07/2014","11-13-51-57-69","1","4","ROLLOVER",
"MEGAMILLIONS","03/04/2014","10-29-31-35-45","10","2","ROLLOVER",
"MEGAMILLIONS","02/28/2014","03-31-50-58-59","6","4","ROLLOVER",
"MEGAMILLIONS","02/25/2014","12-18-25-35-66","15","5","ROLLOVER",
"MEGAMILLIONS","02/21/2014","23-29-32-45-46","15","5","ROLLOVER",
"MEGAMILLIONS","02/18/2014","23-29-31-37-70","14","5","ROLLOVER",
"MEGAMILLIONS","02/14/2014","20-28-35-71-72","7","3","ROLLOVER",
"MEGAMILLIONS","02/11/2014","43-64-67-71-73","4","2","ROLLOVER",
"MEGAMILLIONS","02/07/2014","11-21-23-35-64","10","3","ROLLOVER",
"MEGAMILLIONS","02/04/2014","25-44-49-60-73","9","3","ROLLOVER",
"MEGAMILLIONS","01/31/2014","03-09-13-47-52","8","4","ROLLOVER",
"MEGAMILLIONS","01/28/2014","07-16-28-53-60","2","3","ROLLOVER",
"MEGAMILLIONS","01/24/2014","22-45-46-47-65","10","5","ROLLOVER",
"MEGAMILLIONS","01/21/2014","08-23-33-45-52","4","4","ROLLOVER",
"MEGAMILLIONS","01/17/2014","01-10-26-31-51","11","4","ROLLOVER",
"MEGAMILLIONS","01/14/2014","04-23-26-62-69","13","3","ROLLOVER",
"MEGAMILLIONS","01/10/2014","08-28-36-37-57","8","3","ROLLOVER",
"MEGAMILLIONS","01/07/2014","13-34-56-62-64","6","5","ROLLOVER",
"MEGAMILLIONS","01/03/2014","22-24-25-40-70","5","5","$61,000,000 - TN",
"MEGAMILLIONS","12/31/2013","08-12-34-52-58","8","3","ROLLOVER",
"MEGAMILLIONS","12/27/2013","04-15-35-48-49","11","5","ROLLOVER",
"MEGAMILLIONS","12/24/2013","23-34-53-58-73","2","3","ROLLOVER",
"MEGAMILLIONS","12/20/2013","03-04-31-49-57","6","2","ROLLOVER",
"MEGAMILLIONS","12/17/2013","08-14-17-20-39","7","4","$636,000,000 - CA, GA",
"MEGAMILLIONS","12/13/2013","19-24-26-27-70","12","2","ROLLOVER",
"MEGAMILLIONS","12/10/2013","05-12-22-41-65","13","2","ROLLOVER",
"MEGAMILLIONS","12/06/2013","11-29-44-63-64","3","3","ROLLOVER",
"MEGAMILLIONS","12/03/2013","07-12-41-44-59","3","3","ROLLOVER",
"MEGAMILLIONS","11/29/2013","09-41-43-47-57","5","4","ROLLOVER",
"MEGAMILLIONS","11/26/2013","27-44-59-74-75","3","5","ROLLOVER",
"MEGAMILLIONS","11/22/2013","17-23-35-36-44","8","3","ROLLOVER",
"MEGAMILLIONS","11/19/2013","14-15-29-49-63","2","3","ROLLOVER",
"MEGAMILLIONS","11/15/2013","25-44-49-54-63","8","4","ROLLOVER",
"MEGAMILLIONS","11/12/2013","20-30-32-42-71","15","5","ROLLOVER",
"MEGAMILLIONS","11/08/2013","41-42-51-57-65","7","2","ROLLOVER",
"MEGAMILLIONS","11/05/2013","02-11-42-64-74","2","5","ROLLOVER",
"MEGAMILLIONS","11/01/2013","32-35-49-62-67","1","5","ROLLOVER",
"MEGAMILLIONS","10/29/2013","20-33-50-53-54","7","3","ROLLOVER",
"MEGAMILLIONS","10/25/2013","06-16-45-54-60","15","2","ROLLOVER",
"MEGAMILLIONS","10/22/2013","02-03-19-52-71","14","5","ROLLOVER",
"MEGAMILLIONS","10/18/2013","05-20-45-48-56","1","4","ROLLOVER",
"MEGAMILLIONS","10/15/2013","04-23-30-43-50","11","4","ROLLOVER",
"MEGAMILLIONS","10/11/2013","03-27-37-45-48","46","4","ROLLOVER",
"MEGAMILLIONS","10/08/2013","06-15-19-23-40","5","3","ROLLOVER",
"MEGAMILLIONS","10/04/2013","04-16-24-25-44","5","3","ROLLOVER",
"MEGAMILLIONS","10/01/2013","07-10-30-37-53","1","3","$189,000,000 - MD",
"MEGAMILLIONS","09/27/2013","09-23-27-49-51","38","2","ROLLOVER",
"MEGAMILLIONS","09/24/2013","04-11-32-39-40","33","3","ROLLOVER",
"MEGAMILLIONS","09/20/2013","01-15-20-21-47","34","2","ROLLOVER",
"MEGAMILLIONS","09/17/2013","06-15-27-31-39","25","2","ROLLOVER",
"MEGAMILLIONS","09/13/2013","09-22-28-48-54","8","4","ROLLOVER",
"MEGAMILLIONS","09/10/2013","02-12-18-54-56","1","3","ROLLOVER",
"MEGAMILLIONS","09/06/2013","02-16-17-22-41","31","4","ROLLOVER",
"MEGAMILLIONS","09/03/2013","04-13-14-28-41","28","3","ROLLOVER",
"MEGAMILLIONS","08/30/2013","06-19-24-43-44","33","2","ROLLOVER",
"MEGAMILLIONS","08/27/2013","04-07-30-36-38","38","4","ROLLOVER",
"MEGAMILLIONS","08/23/2013","01-09-17-20-53","14","4","ROLLOVER",
"MEGAMILLIONS","08/20/2013","13-28-35-38-41","33","3","ROLLOVER",
"MEGAMILLIONS","08/16/2013","07-13-26-36-46","37","4","ROLLOVER",
"MEGAMILLIONS","08/13/2013","02-31-32-37-41","40","4","ROLLOVER",
"MEGAMILLIONS","08/09/2013","11-20-30-34-38","12","3","ROLLOVER",
"MEGAMILLIONS","08/06/2013","01-11-16-51-55","41","3","ROLLOVER",
"MEGAMILLIONS","08/02/2013","08-21-23-25-39","4","2","ROLLOVER",
"MEGAMILLIONS","07/30/2013","25-27-36-42-44","39","3","ROLLOVER",
"MEGAMILLIONS","07/26/2013","04-22-23-27-38","42","4","$19,000,000 - NJ",
"MEGAMILLIONS","07/23/2013","25-32-35-50-51","46","3","ROLLOVER",
"MEGAMILLIONS","07/19/2013","16-20-24-39-42","46","3","ROLLOVER",
"MEGAMILLIONS","07/16/2013","10-14-21-40-53","20","2","$20,000,000 - TX",
"MEGAMILLIONS","07/12/2013","04-05-25-27-51","10","3","ROLLOVER",
"MEGAMILLIONS","07/09/2013","03-21-43-45-48","14","2","ROLLOVER",
"MEGAMILLIONS","07/05/2013","02-23-41-47-54","42","4","$79,000,000 - MI",
"MEGAMILLIONS","07/02/2013","36-42-51-52-53","40","4","ROLLOVER",
"MEGAMILLIONS","06/28/2013","08-15-35-46-52","38","4","ROLLOVER",
"MEGAMILLIONS","06/25/2013","03-05-28-33-51","16","2","ROLLOVER",
"MEGAMILLIONS","06/21/2013","03-14-17-40-50","3","3","ROLLOVER",
"MEGAMILLIONS","06/18/2013","06-17-34-40-48","30","2","ROLLOVER",
"MEGAMILLIONS","06/14/2013","02-05-31-33-34","20","4","ROLLOVER",
"MEGAMILLIONS","06/11/2013","15-40-45-50-53","28","4","ROLLOVER",
"MEGAMILLIONS","06/07/2013","01-10-37-48-55","21","4","ROLLOVER",
"MEGAMILLIONS","06/04/2013","10-11-12-20-55","19","3","ROLLOVER",
"MEGAMILLIONS","05/31/2013","02-20-26-44-46","26","3","$30,000,000 - NJ",
"MEGAMILLIONS","05/28/2013","04-12-25-32-54","36","4","ROLLOVER",
"MEGAMILLIONS","05/24/2013","04-05-16-18-53","28","4","ROLLOVER",
"MEGAMILLIONS","05/21/2013","02-15-17-48-55","11","4","ROLLOVER",
"MEGAMILLIONS","05/17/2013","11-15-35-43-49","41","4","$190,000,000 - NJ, VA",
"MEGAMILLIONS","05/14/2013","06-10-12-28-32","38","4","ROLLOVER",
"MEGAMILLIONS","05/10/2013","01-19-20-39-49","28","4","ROLLOVER",
"MEGAMILLIONS","05/07/2013","01-06-13-20-51","31","4","ROLLOVER",
"MEGAMILLIONS","05/03/2013","02-20-34-42-54","39","2","ROLLOVER",
"MEGAMILLIONS","04/30/2013","21-30-34-39-49","43","3","ROLLOVER",
"MEGAMILLIONS","04/26/2013","17-42-49-54-55","31","4","ROLLOVER",
"MEGAMILLIONS","04/23/2013","09-21-22-32-50","10","3","ROLLOVER",
"MEGAMILLIONS","04/19/2013","06-08-12-22-43","28","4","ROLLOVER",
"MEGAMILLIONS","04/16/2013","02-05-15-18-39","42","2","ROLLOVER",
"MEGAMILLIONS","04/12/2013","01-10-13-19-21","28","3","ROLLOVER",
"MEGAMILLIONS","04/09/2013","17-30-41-48-54","13","4","ROLLOVER",
"MEGAMILLIONS","04/05/2013","08-15-23-36-41","5","3","ROLLOVER",
"MEGAMILLIONS","04/02/2013","07-10-14-40-47","34","4","ROLLOVER",
"MEGAMILLIONS","03/29/2013","25-31-36-46-53","21","4","ROLLOVER",
"MEGAMILLIONS","03/26/2013","20-33-46-49-51","46","4","ROLLOVER",
"MEGAMILLIONS","03/22/2013","14-27-34-37-41","38","4","ROLLOVER",
"MEGAMILLIONS","03/19/2013","03-06-14-21-37","35","3","ROLLOVER",
"MEGAMILLIONS","03/15/2013","04-08-17-22-32","8","2","ROLLOVER",
"MEGAMILLIONS","03/12/2013","09-12-19-20-30","39","4","$41,000,000 - OH",
"MEGAMILLIONS","03/08/2013","04-11-25-34-35","44","4","ROLLOVER",
"MEGAMILLIONS","03/05/2013","06-20-39-41-46","42","3","ROLLOVER",
"MEGAMILLIONS","03/01/2013","17-30-38-43-51","20","4","ROLLOVER",
"MEGAMILLIONS","02/26/2013","06-07-13-15-43","7","4","ROLLOVER",
"MEGAMILLIONS","02/22/2013","09-13-24-38-49","30","3","ROLLOVER",
"MEGAMILLIONS","02/19/2013","01-15-19-30-56","28","3","$26,000,000 - MD",
"MEGAMILLIONS","02/15/2013","11-35-41-42-44","42","4","ROLLOVER",
"MEGAMILLIONS","02/12/2013","09-22-32-38-55","44","3","ROLLOVER",
"MEGAMILLIONS","02/08/2013","06-15-20-39-50","5","4","ROLLOVER",
"MEGAMILLIONS","02/05/2013","02-05-10-26-44","46","4","$19,000,000 - MI",
"MEGAMILLIONS","02/01/2013","01-30-32-40-41","17","3","ROLLOVER",
"MEGAMILLIONS","01/29/2013","08-12-27-46-47","6","3","ROLLOVER",
"MEGAMILLIONS","01/25/2013","11-12-17-31-48","1","4","$89,000,000 - NJ",
"MEGAMILLIONS","01/22/2013","07-11-16-39-54","13","3","ROLLOVER",
"MEGAMILLIONS","01/18/2013","08-18-25-42-49","14","3","ROLLOVER",
"MEGAMILLIONS","01/15/2013","01-06-12-19-41","14","4","ROLLOVER",
"MEGAMILLIONS","01/11/2013","24-29-30-34-56","1","4","ROLLOVER",
"MEGAMILLIONS","01/08/2013","03-20-21-38-42","19","4","ROLLOVER",
"MEGAMILLIONS","01/04/2013","01-02-23-25-55","39","4","ROLLOVER",
"MEGAMILLIONS","01/01/2013","04-11-21-25-44","29","4","ROLLOVER",
"MEGAMILLIONS","12/28/2012","10-13-32-40-41","32","4","ROLLOVER",
"MEGAMILLIONS","12/25/2012","02-03-18-34-48","36","4","ROLLOVER",
"MEGAMILLIONS","12/21/2012","03-18-32-41-56","19","3","ROLLOVER",
"MEGAMILLIONS","12/18/2012","01-06-07-18-29","16","3","ROLLOVER",
"MEGAMILLIONS","12/14/2012","11-28-33-41-43","41","4","$35,000,000 - CA",
"MEGAMILLIONS","12/11/2012","39-44-51-52-54","13","4","ROLLOVER",
"MEGAMILLIONS","12/07/2012","07-43-44-51-56","4","3","ROLLOVER",
"MEGAMILLIONS","12/04/2012","03-19-24-32-43","44","4","ROLLOVER",
"MEGAMILLIONS","11/30/2012","11-22-24-28-31","46","3","ROLLOVER",
"MEGAMILLIONS","11/27/2012","05-12-26-42-49","24","4","$49,000,000 - GA",
"MEGAMILLIONS","11/23/2012","08-37-44-47-48","27","4","ROLLOVER",
"MEGAMILLIONS","11/20/2012","09-13-22-38-52","44","4","ROLLOVER",
"MEGAMILLIONS","11/16/2012","05-24-26-29-53","36","4","ROLLOVER",
"MEGAMILLIONS","11/13/2012","06-12-31-46-56","34","2","ROLLOVER",
"MEGAMILLIONS","11/09/2012","18-22-33-35-40","11","4","ROLLOVER",
"MEGAMILLIONS","11/06/2012","03-05-13-32-35","6","3","ROLLOVER",
"MEGAMILLIONS","11/02/2012","04-18-22-38-44","24","3","$32,000,000 - NY",
"MEGAMILLIONS","10/30/2012","05-12-18-29-56","38","4","ROLLOVER",
"MEGAMILLIONS","10/26/2012","04-15-24-36-40","44","2","ROLLOVER",
"MEGAMILLIONS","10/23/2012","01-17-42-46-55","1","2","ROLLOVER",
"MEGAMILLIONS","10/19/2012","14-34-36-48-53","42","3","ROLLOVER",
"MEGAMILLIONS","10/16/2012","13-37-40-46-52","29","4","$61,000,000 - CA, MA",
"MEGAMILLIONS","10/12/2012","06-10-24-26-42","15","4","ROLLOVER",
"MEGAMILLIONS","10/09/2012","06-15-16-22-37","3","4","ROLLOVER",
"MEGAMILLIONS","10/05/2012","08-09-16-32-39","15","3","ROLLOVER",
"MEGAMILLIONS","10/02/2012","10-11-20-42-55","9","4","ROLLOVER",
"MEGAMILLIONS","09/28/2012","06-08-14-43-56","28","4","ROLLOVER",
"MEGAMILLIONS","09/25/2012","07-08-23-50-51","26","3","ROLLOVER",
"MEGAMILLIONS","09/21/2012","03-13-14-46-55","34","4","ROLLOVER",
"MEGAMILLIONS","09/18/2012","05-09-22-36-49","36","3","$15,000,000 - NY",
"MEGAMILLIONS","09/14/2012","16-17-21-40-51","20","4","ROLLOVER",
"MEGAMILLIONS","09/11/2012","05-11-20-33-36","11","3","$120,000,000 - CA",
"MEGAMILLIONS","09/07/2012","15-32-38-42-46","31","4","ROLLOVER",
"MEGAMILLIONS","09/04/2012","16-32-39-41-53","16","3","ROLLOVER",
"MEGAMILLIONS","08/31/2012","31-40-41-47-48","45","3","ROLLOVER",
"MEGAMILLIONS","08/28/2012","04-09-40-45-50","39","4","ROLLOVER",
"MEGAMILLIONS","08/24/2012","25-34-45-46-49","34","2","ROLLOVER",
"MEGAMILLIONS","08/21/2012","05-13-20-23-33","30","2","ROLLOVER",
"MEGAMILLIONS","08/17/2012","08-20-24-35-56","24","3","ROLLOVER",
"MEGAMILLIONS","08/14/2012","15-23-34-39-55","32","4","ROLLOVER",
"MEGAMILLIONS","08/10/2012","10-18-36-38-44","8","4","ROLLOVER",
"MEGAMILLIONS","08/07/2012","30-32-33-42-48","7","4","ROLLOVER",
"MEGAMILLIONS","08/03/2012","02-10-13-38-46","2","3","ROLLOVER",
"MEGAMILLIONS","07/31/2012","05-18-21-29-41","37","3","ROLLOVER",
"MEGAMILLIONS","07/27/2012","02-03-04-08-43","26","3","$52,000,000 - CA",
"MEGAMILLIONS","07/24/2012","05-09-38-46-51","5","4","ROLLOVER",
"MEGAMILLIONS","07/20/2012","02-44-48-50-52","3","3","ROLLOVER",
"MEGAMILLIONS","07/17/2012","01-13-21-49-55","17","4","ROLLOVER",
"MEGAMILLIONS","07/13/2012","06-07-13-24-46","34","2","ROLLOVER",
"MEGAMILLIONS","07/10/2012","03-11-19-23-36","21","4","ROLLOVER",
"MEGAMILLIONS","07/06/2012","20-23-28-35-39","21","3","ROLLOVER",
"MEGAMILLIONS","07/03/2012","03-04-24-36-52","45","4","$86,000,0000 - NY",
"MEGAMILLIONS","06/29/2012","28-34-39-45-53","34","4","ROLLOVER",
"MEGAMILLIONS","06/26/2012","03-16-23-35-36","20","4","ROLLOVER",
"MEGAMILLIONS","06/22/2012","10-16-19-32-36","13","3","ROLLOVER",
"MEGAMILLIONS","06/19/2012","11-21-27-30-53","11","2","ROLLOVER",
"MEGAMILLIONS","06/15/2012","08-12-18-30-40","4","3","ROLLOVER",
"MEGAMILLIONS","06/12/2012","02-09-17-34-50","45","4","ROLLOVER",
"MEGAMILLIONS","06/08/2012","04-09-34-40-48","25","3","ROLLOVER",
"MEGAMILLIONS","06/05/2012","37-39-42-53-55","22","3","ROLLOVER",
"MEGAMILLIONS","06/01/2012","02-27-38-46-52","45","3","ROLLOVER",
"MEGAMILLIONS","05/29/2012","02-14-29-53-55","31","3","$32,000,000 - CA",
"MEGAMILLIONS","05/25/2012","09-15-21-40-54","11","4","ROLLOVER",
"MEGAMILLIONS","05/22/2012","10-14-35-43-52","16","2","ROLLOVER",
"MEGAMILLIONS","05/18/2012","03-11-22-34-49","1","4","ROLLOVER",
"MEGAMILLIONS","05/15/2012","10-11-12-14-24","6","4","$25,000,000 - CA",
"MEGAMILLIONS","05/11/2012","03-15-29-35-54","8","4","ROLLOVER",
"MEGAMILLIONS","05/08/2012","02-06-08-18-51","19","3","ROLLOVER",
"MEGAMILLIONS","05/04/2012","04-11-21-42-53","38","4","$118,000,000 - IL",
"MEGAMILLIONS","05/01/2012","24-27-31-45-52","38","4","ROLLOVER",
"MEGAMILLIONS","04/27/2012","02-05-45-46-47","37","4","ROLLOVER",
"MEGAMILLIONS","04/24/2012","03-09-15-37-38","39","4","ROLLOVER",
"MEGAMILLIONS","04/20/2012","14-23-26-33-35","40","3","ROLLOVER",
"MEGAMILLIONS","04/17/2012","01-16-24-32-48","2","4","ROLLOVER",
"MEGAMILLIONS","04/13/2012","09-14-17-36-42","33","4","ROLLOVER",
"MEGAMILLIONS","04/10/2012","02-06-12-31-48","25","4","ROLLOVER",
"MEGAMILLIONS","04/06/2012","02-19-20-24-33","39","4","ROLLOVER",
"MEGAMILLIONS","04/03/2012","11-35-38-41-52","40","4","ROLLOVER",
"MEGAMILLIONS","03/30/2012","02-04-23-38-46","23","3","$640,000,000 - KS, IL, MD",
"MEGAMILLIONS","03/27/2012","09-19-34-44-51","24","3","ROLLOVER",
"MEGAMILLIONS","03/23/2012","06-17-19-20-21","20","4","ROLLOVER",
"MEGAMILLIONS","03/20/2012","01-04-06-11-14","30","4","ROLLOVER",
"MEGAMILLIONS","03/16/2012","28-29-43-51-53","7","3","ROLLOVER",
"MEGAMILLIONS","03/13/2012","02-08-30-36-48","31","3","ROLLOVER",
"MEGAMILLIONS","03/09/2012","09-10-27-36-42","11","4","ROLLOVER",
"MEGAMILLIONS","03/06/2012","20-24-31-33-36","44","4","ROLLOVER",
"MEGAMILLIONS","03/02/2012","16-29-48-52-54","5","2","ROLLOVER",
"MEGAMILLIONS","02/28/2012","06-15-29-39-51","36","3","ROLLOVER",
"MEGAMILLIONS","02/24/2012","01-16-18-25-27","3","4","ROLLOVER",
"MEGAMILLIONS","02/21/2012","09-30-39-42-47","37","3","ROLLOVER",
"MEGAMILLIONS","02/17/2012","16-25-28-32-40","3","3","ROLLOVER",
"MEGAMILLIONS","02/14/2012","03-05-10-26-27","27","2","ROLLOVER",
"MEGAMILLIONS","02/10/2012","03-04-18-29-50","20","4","ROLLOVER",
"MEGAMILLIONS","02/07/2012","17-23-30-37-45","4","4","ROLLOVER",
"MEGAMILLIONS","02/03/2012","07-19-21-49-53","35","4","ROLLOVER",
"MEGAMILLIONS","01/31/2012","09-17-18-28-43","9","3","ROLLOVER",
"MEGAMILLIONS","01/27/2012","03-05-30-36-48","23","4","ROLLOVER",
"MEGAMILLIONS","01/24/2012","10-22-24-36-49","33","4","$71,000,000 - GA",
"MEGAMILLIONS","01/20/2012","01-09-28-38-47","8","2","ROLLOVER",
"MEGAMILLIONS","01/17/2012","03-15-31-36-53","27","2","ROLLOVER",
"MEGAMILLIONS","01/13/2012","10-27-28-37-51","19","3","ROLLOVER",
"MEGAMILLIONS","01/10/2012","04-10-16-38-48","34","3","ROLLOVER",
"MEGAMILLIONS","01/06/2012","09-17-28-34-48","46","2","ROLLOVER",
"MEGAMILLIONS","01/03/2012","02-03-15-22-36","23","2","ROLLOVER",
"MEGAMILLIONS","12/30/2011","04-24-45-46-52","1","4","ROLLOVER",
"MEGAMILLIONS","12/27/2011","23-32-33-39-43","8","3","$206,000,000 - NY",
"MEGAMILLIONS","12/23/2011","03-05-08-18-29","14","4","ROLLOVER",
"MEGAMILLIONS","12/20/2011","20-24-27-45-51","31","4","ROLLOVER",
"MEGAMILLIONS","12/16/2011","02-04-26-36-39","27","3","ROLLOVER",
"MEGAMILLIONS","12/13/2011","05-06-22-26-41","6","4","ROLLOVER",
"MEGAMILLIONS","12/09/2011","04-12-29-49-51","44","4","ROLLOVER",
"MEGAMILLIONS","12/06/2011","07-21-29-35-49","39","4","ROLLOVER",
"MEGAMILLIONS","12/02/2011","24-30-48-51-56","45","4","ROLLOVER",
"MEGAMILLIONS","11/29/2011","17-29-43-48-52","36","4","ROLLOVER",
"MEGAMILLIONS","11/25/2011","22-28-42-49-54","43","3","ROLLOVER",
"MEGAMILLIONS","11/22/2011","04-16-23-33-48","38","2","ROLLOVER",
"MEGAMILLIONS","11/18/2011","04-13-33-39-55","3","4","ROLLOVER",
"MEGAMILLIONS","11/15/2011","03-06-24-30-33","21","4","ROLLOVER",
"MEGAMILLIONS","11/11/2011","02-16-22-29-50","27","4","ROLLOVER",
"MEGAMILLIONS","11/08/2011","05-31-45-47-54","4","4","ROLLOVER",
"MEGAMILLIONS","11/04/2011","26-30-32-33-44","1","4","ROLLOVER",
"MEGAMILLIONS","11/01/2011","27-31-39-40-46","36","3","$78,000,000 - California",
"MEGAMILLIONS","10/28/2011","13-31-49-52-56","41","4","ROLLOVER",
"MEGAMILLIONS","10/25/2011","13-33-40-44-46","8","4","ROLLOVER",
"MEGAMILLIONS","10/21/2011","06-21-35-37-38","17","3","ROLLOVER",
"MEGAMILLIONS","10/18/2011","24-25-45-47-53","42","2","ROLLOVER",
"MEGAMILLIONS","10/14/2011","13-35-42-45-54","26","4","ROLLOVER",
"MEGAMILLIONS","10/11/2011","25-34-38-44-56","27","4","ROLLOVER",
"MEGAMILLIONS","10/07/2011","05-15-19-23-38","19","4","ROLLOVER",
"MEGAMILLIONS","10/04/2011","03-26-40-45-52","11","3","ROLLOVER",
"MEGAMILLIONS","09/30/2011","03-19-21-44-45","29","4","$113,000,000 - California and North Carolina ",
"MEGAMILLIONS","09/27/2011","02-20-28-36-45","37","4","ROLLOVER",
"MEGAMILLIONS","09/23/2011","21-27-32-40-52","36","4","ROLLOVER",
"MEGAMILLIONS","09/20/2011","06-29-38-50-51","39","4","ROLLOVER",
"MEGAMILLIONS","09/16/2011","06-23-41-45-56","24","4","ROLLOVER",
"MEGAMILLIONS","09/13/2011","22-31-43-48-56","45","4","ROLLOVER",
"MEGAMILLIONS","09/09/2011","07-12-19-23-31","45","4","ROLLOVER",
"MEGAMILLIONS","09/06/2011","01-36-38-42-49","19","4","ROLLOVER",
"MEGAMILLIONS","09/02/2011","25-44-48-49-55","20","3","ROLLOVER",
"MEGAMILLIONS","08/30/2011","02-22-25-28-50","18","4","ROLLOVER",
"MEGAMILLIONS","08/26/2011","02-03-27-30-47","36","3","ROLLOVER",
"MEGAMILLIONS","08/23/2011","11-21-44-48-49","23","3","ROLLOVER",
"MEGAMILLIONS","08/19/2011","05-15-53-54-56","22","2","$32,000,000 - Massachusetts",
"MEGAMILLIONS","08/16/2011","04-38-41-42-43","44","4","ROLLOVER",
"MEGAMILLIONS","08/12/2011","09-43-51-54-55","13","4","ROLLOVER",
"MEGAMILLIONS","08/09/2011","11-19-39-45-54","15","4","ROLLOVER",
"MEGAMILLIONS","08/05/2011","06-24-28-33-42","19","3","$99,000,000 - OH",
"MEGAMILLIONS","08/02/2011","14-17-19-20-32","28","4","ROLLOVER",
"MEGAMILLIONS","07/29/2011","08-10-22-47-48","35","4","ROLLOVER",
"MEGAMILLIONS","07/26/2011","20-25-35-52-55","10","3","ROLLOVER",
"MEGAMILLIONS","07/22/2011","23-31-32-39-56","38","4","ROLLOVER",
"MEGAMILLIONS","07/19/2011","02-09-10-16-35","40","4","ROLLOVER",
"MEGAMILLIONS","07/15/2011","16-29-30-46-56","6","3","ROLLOVER",
"MEGAMILLIONS","07/12/2011","03-09-11-44-49","9","4","ROLLOVER",
"MEGAMILLIONS","07/08/2011","01-02-22-37-50","45","3","ROLLOVER",
"MEGAMILLIONS","07/05/2011","01-10-13-18-46","19","2","ROLLOVER",
"MEGAMILLIONS","07/01/2011","12-17-30-35-47","26","4","$105,000,000 - VA",
"MEGAMILLIONS","06/28/2011","12-17-27-47-48","33","4","ROLLOVER",
"MEGAMILLIONS","06/24/2011","10-14-40-49-51","4","3","ROLLOVER",
"MEGAMILLIONS","06/21/2011","11-24-25-31-46","17","3","ROLLOVER",
"MEGAMILLIONS","06/17/2011","12-29-46-47-51","24","4","ROLLOVER",
"MEGAMILLIONS","06/14/2011","09-10-20-51-53","24","4","ROLLOVER",
"MEGAMILLIONS","06/10/2011","18-21-27-37-38","7","3","ROLLOVER",
"MEGAMILLIONS","06/07/2011","29-32-35-47-52","13","4","ROLLOVER",
"MEGAMILLIONS","06/03/2011","20-23-41-49-53","31","3","ROLLOVER",
"MEGAMILLIONS","05/31/2011","28-30-31-37-55","13","3","ROLLOVER",
"MEGAMILLIONS","05/27/2011","05-07-14-28-56","10","4","$35,000,000 - Texas",
"MEGAMILLIONS","05/24/2011","09-12-21-42-43","42","3","ROLLOVER",
"MEGAMILLIONS","05/20/2011","10-17-19-45-48","30","4","ROLLOVER",
"MEGAMILLIONS","05/17/2011","01-02-17-25-48","45","4","ROLLOVER",
"MEGAMILLIONS","05/13/2011","03-33-39-47-53","9","4","$27,000,000 - Michigan",
"MEGAMILLIONS","05/10/2011","11-16-34-40-51","34","4","ROLLOVER",
"MEGAMILLIONS","05/06/2011","06-18-26-37-41","9","3","ROLLOVER",
"MEGAMILLIONS","05/03/2011","01-16-29-36-50","16","2","$51,000,000 CA",
"MEGAMILLIONS","04/29/2011","09-10-11-33-51","29","4","ROLLOVER",
"MEGAMILLIONS","04/26/2011","19-29-32-38-55","15","3","ROLLOVER",
"MEGAMILLIONS","04/22/2011","03-18-46-51-53","17","3","ROLLOVER",
"MEGAMILLIONS","04/19/2011","20-24-32-45-51","43","4","ROLLOVER",
"MEGAMILLIONS","04/15/2011","22-23-33-39-48","29","3","$72,000,000- New York",
"MEGAMILLIONS","04/12/2011","10-23-39-41-45","15","2","ROLLOVER",
"MEGAMILLIONS","04/08/2011","06-40-45-50-56","11","3","ROLLOVER",
"MEGAMILLIONS","04/05/2011","01-19-20-31-36","9","2","ROLLOVER",
"MEGAMILLIONS","04/01/2011","13-14-35-36-53","19","3","ROLLOVER",
"MEGAMILLIONS","03/29/2011","06-15-23-34-38","43","4","ROLLOVER",
"MEGAMILLIONS","03/25/2011","22-24-31-52-54","4","4","$312,000,000 - New York",
"MEGAMILLIONS","03/22/2011","01-14-35-50-53","43","4","ROLLOVER",
"MEGAMILLIONS","03/18/2011","14-33-34-54-56","37","4","ROLLOVER",
"MEGAMILLIONS","03/15/2011","10-11-12-28-43","45","4","ROLLOVER",
"MEGAMILLIONS","03/11/2011","14-19-21-42-45","6","2","ROLLOVER",
"MEGAMILLIONS","03/08/2011","03-17-19-41-55","24","4","ROLLOVER",
"MEGAMILLIONS","03/04/2011","08-10-15-23-41","7","4","ROLLOVER",
"MEGAMILLIONS","03/01/2011","01-12-19-20-47","25","3","ROLLOVER",
"MEGAMILLIONS","02/25/2011","04-05-17-19-50","7","4","ROLLOVER",
"MEGAMILLIONS","02/22/2011","15-22-23-48-55","31","4","ROLLOVER",
"MEGAMILLIONS","02/18/2011","05-06-07-30-45","42","3","ROLLOVER",
"MEGAMILLIONS","02/15/2011","17-18-24-35-39","18","4","ROLLOVER",
"MEGAMILLIONS","02/11/2011","08-09-17-32-34","13","2","ROLLOVER",
"MEGAMILLIONS","02/08/2011","25-35-36-47-48","18","2","ROLLOVER",
"MEGAMILLIONS","02/04/2011","06-20-29-48-55","6","4","ROLLOVER",
"MEGAMILLIONS","02/01/2011","16-22-23-26-35","31","4","$91,000,000.00 IN, MI",
"MEGAMILLIONS","01/28/2011","14-33-48-49-50","18","4","ROLLOVER",
"MEGAMILLIONS","01/25/2011","05-08-31-46-50","4","4","ROLLOVER",
"MEGAMILLIONS","01/21/2011","05-09-21-35-38","20","4","ROLLOVER",
"MEGAMILLIONS","01/18/2011","04-27-29-38-45","5","4","ROLLOVER",
"MEGAMILLIONS","01/14/2011","02-15-17-33-35","8","2","ROLLOVER",
"MEGAMILLIONS","01/11/2011","01-04-11-16-45","37","4","ROLLOVER",
"MEGAMILLIONS","01/07/2011","04-22-42-46-53","20","2","ROLLOVER",
"MEGAMILLIONS","01/04/2011","04-08-15-25-47","42","4","$355,000,000 ID, WA",
"MEGAMILLIONS","12/31/2010","10-12-13-35-56","9","4","ROLLOVER",
"MEGAMILLIONS","12/28/2010","06-18-36-40-49","7","4","ROLLOVER",
"MEGAMILLIONS","12/24/2010","15-16-27-40-52","16","4","ROLLOVER",
"MEGAMILLIONS","12/21/2010","08-11-12-31-32","29","4","ROLLOVER",
"MEGAMILLIONS","12/17/2010","11-20-26-46-53","12","4","ROLLOVER",
"MEGAMILLIONS","12/14/2010","18-22-25-31-38","29","3","ROLLOVER",
"MEGAMILLIONS","12/10/2010","23-27-33-44-46","36","4","ROLLOVER",
"MEGAMILLIONS","12/07/2010","04-38-45-53-54","9","4","ROLLOVER",
"MEGAMILLIONS","12/03/2010","06-11-12-18-56","12","3","ROLLOVER",
"MEGAMILLIONS","11/30/2010","11-16-19-47-53","2","4","ROLLOVER",
"MEGAMILLIONS","11/26/2010","05-09-34-43-47","8","2","ROLLOVER",
"MEGAMILLIONS","11/23/2010","02-06-12-34-35","33","4","ROLLOVER",
"MEGAMILLIONS","11/19/2010","07-14-31-51-54","35","2","ROLLOVER",
"MEGAMILLIONS","11/16/2010","01-26-27-39-46","21","3","ROLLOVER",
"MEGAMILLIONS","11/12/2010","09-26-28-35-38","10","4","ROLLOVER",
"MEGAMILLIONS","11/09/2010","08-26-28-33-53","11","4","$25,000,000 - Ohio",
"MEGAMILLIONS","11/05/2010","19-25-34-46-53","15","4","ROLLOVER",
"MEGAMILLIONS","11/02/2010","01-03-12-16-54","46","2","ROLLOVER",
"MEGAMILLIONS","10/29/2010","04-19-26-28-39","14","4","$140,000,000.00 Michigan",
"MEGAMILLIONS","10/26/2010","15-21-30-31-32","26","4","ROLLOVER",
"MEGAMILLIONS","10/22/2010","02-07-18-32-53","18","4","ROLLOVER",
"MEGAMILLIONS","10/19/2010","02-09-14-37-42","41","4","ROLLOVER",
"MEGAMILLIONS","10/15/2010","09-10-13-31-50","10","4","ROLLOVER",
"MEGAMILLIONS","10/12/2010","10-31-36-37-43","15","4","ROLLOVER",
"MEGAMILLIONS","10/08/2010","24-29-37-48-50","19","4","ROLLOVER",
"MEGAMILLIONS","10/05/2010","10-19-24-37-44","27","4","ROLLOVER",
"MEGAMILLIONS","10/01/2010","03-08-21-28-52","43","4","ROLLOVER",
"MEGAMILLIONS","09/28/2010","02-10-13-36-38","18","3","ROLLOVER",
"MEGAMILLIONS","09/24/2010","02-28-38-42-55","25","4","ROLLOVER",
"MEGAMILLIONS","09/21/2010","03-20-43-47-52","26","4","ROLLOVER",
"MEGAMILLIONS","09/17/2010","03-04-14-18-27","13","3","$54,000,000 - New York",
"MEGAMILLIONS","09/14/2010","06-14-50-55-56","1","4","ROLLOVER",
"MEGAMILLIONS","09/10/2010","11-12-17-21-23","20","3","ROLLOVER",
"MEGAMILLIONS","09/07/2010","08-18-22-24-38","23","4","ROLLOVER",
"MEGAMILLIONS","09/03/2010","10-13-20-28-36","9","4","ROLLOVER",
"MEGAMILLIONS","08/31/2010","10-20-29-47-48","38","3","ROLLOVER",
"MEGAMILLIONS","08/27/2010","04-10-26-32-41","31","4","$133,000,000 - CA",
"MEGAMILLIONS","08/24/2010","04-23-24-28-32","31","3","ROLLOVER",
"MEGAMILLIONS","08/20/2010","04-13-20-29-48","36","4","ROLLOVER",
"MEGAMILLIONS","08/17/2010","11-19-40-43-44","33","4","ROLLOVER",
"MEGAMILLIONS","08/13/2010","06-17-24-43-55","36","4","ROLLOVER",
"MEGAMILLIONS","08/10/2010","02-14-26-50-56","12","2","ROLLOVER",
"MEGAMILLIONS","08/06/2010","07-13-30-33-54","30","3","ROLLOVER",
"MEGAMILLIONS","08/03/2010","04-13-20-22-56","32","2","ROLLOVER",
"MEGAMILLIONS","07/30/2010","11-30-40-48-52","42","4","ROLLOVER",
"MEGAMILLIONS","07/27/2010","02-07-10-16-29","8","4","ROLLOVER",
"MEGAMILLIONS","07/23/2010","16-19-39-44-49","26","2","ROLLOVER",
"MEGAMILLIONS","07/20/2010","12-18-28-36-43","19","3","ROLLOVER",
"MEGAMILLIONS","07/16/2010","02-15-18-20-39","34","3","$64,000,000 - California",
"MEGAMILLIONS","07/13/2010","07-11-14-15-34","14","3","ROLLOVER",
"MEGAMILLIONS","07/09/2010","01-31-33-34-50","41","4","ROLLOVER",
"MEGAMILLIONS","07/06/2010","08-18-45-47-50","36","2","ROLLOVER",
"MEGAMILLIONS","07/02/2010","01-10-12-32-36","25","4","ROLLOVER",
"MEGAMILLIONS","06/29/2010","03-04-15-27-37","35","3","ROLLOVER",
"MEGAMILLIONS","06/25/2010","01-02-13-19-27","21","4","ROLLOVER",
"MEGAMILLIONS","06/22/2010","12-17-21-23-30","24","4","$26,000,000 - New York",
"MEGAMILLIONS","06/18/2010","11-36-37-41-55","7","4","ROLLOVER",
"MEGAMILLIONS","06/15/2010","04-12-13-21-27","46","4","ROLLOVER",
"MEGAMILLIONS","06/11/2010","06-13-33-34-42","25","3","$36,000,000 - Michigan",
"MEGAMILLIONS","06/08/2010","12-18-28-48-54","6","3","ROLLOVER",
"MEGAMILLIONS","06/04/2010","12-13-15-17-50","23","4","ROLLOVER",
"MEGAMILLIONS","06/01/2010","12-27-44-45-51","30","2","ROLLOVER",
"MEGAMILLIONS","05/28/2010","03-11-20-29-39","26","4","$12,000,000 - North Carolina ",
"MEGAMILLIONS","05/25/2010","05-14-17-19-24","25","4","$64,000,000 - New York",
"MEGAMILLIONS","05/21/2010","15-20-23-26-30","17","3","ROLLOVER",
"MEGAMILLIONS","05/18/2010","11-13-19-37-40","26","4","ROLLOVER",
"MEGAMILLIONS","05/14/2010","20-21-40-47-56","12","4","ROLLOVER",
"MEGAMILLIONS","05/11/2010","26-33-43-46-54","9","4","ROLLOVER",
"MEGAMILLIONS","05/07/2010","02-07-20-34-50","40","3","ROLLOVER",
"MEGAMILLIONS","05/04/2010","09-21-31-36-43","8","3","California - $266,000,000",
"MEGAMILLIONS","04/30/2010","14-20-41-47-53","40","4","ROLLOVER",
"MEGAMILLIONS","04/27/2010","23-37-41-50-55","6","2","ROLLOVER",
"MEGAMILLIONS","04/23/2010","19-26-28-37-52","18","4","ROLLOVER",
"MEGAMILLIONS","04/20/2010","05-08-10-34-42","25","4","ROLLOVER",
"MEGAMILLIONS","04/16/2010","10-16-31-48-50","44","3","ROLLOVER",
"MEGAMILLIONS","04/13/2010","03-12-27-39-47","32","4","ROLLOVER",
"MEGAMILLIONS","04/09/2010","15-18-39-48-53","3","4","ROLLOVER",
"MEGAMILLIONS","04/06/2010","16-43-44-52-56","26","4","ROLLOVER",
"MEGAMILLIONS","04/02/2010","02-17-22-30-31","19","4","ROLLOVER",
"MEGAMILLIONS","03/30/2010","01-11-24-38-44","41","3","ROLLOVER",
"MEGAMILLIONS","03/26/2010","23-41-46-47-52","22","4","ROLLOVER",
"MEGAMILLIONS","03/23/2010","03-25-28-29-40","13","4","ROLLOVER",
"MEGAMILLIONS","03/19/2010","10-31-45-50-54","25","4","ROLLOVER",
"MEGAMILLIONS","03/16/2010","03-22-48-52-56","13","4","ROLLOVER",
"MEGAMILLIONS","03/12/2010","02-15-25-48-53","41","3","Illinois - $20,000,000",
"MEGAMILLIONS","03/09/2010","14-16-18-19-29","16","2","ROLLOVER",
"MEGAMILLIONS","03/05/2010","11-31-34-44-52","32","4","California - $133,000,000",
"MEGAMILLIONS","03/02/2010","09-12-47-48-56","25","3","ROLLOVER",
"MEGAMILLIONS","02/26/2010","04-14-29-54-56","40","3","ROLLOVER",
"MEGAMILLIONS","02/23/2010","04-16-36-40-53","18","4","ROLLOVER",
"MEGAMILLIONS","02/19/2010","01-22-39-42-46","36","4","ROLLOVER",
"MEGAMILLIONS","02/16/2010","11-12-21-29-45","5","3","ROLLOVER",
"MEGAMILLIONS","02/12/2010","14-16-17-33-47","23","4","Rollover",
"MEGAMILLIONS","02/09/2010","02-17-20-26-48","12","4","ROLLOVER",
"MEGAMILLIONS","02/05/2010","10-20-45-51-53","41","4","ROLLOVER",
"MEGAMILLIONS","02/02/2010","06-07-26-27-49","9","4","ROLLOVER",
"MEGAMILLIONS","01/29/2010","01-10-22-23-38","19","4","TEXAS",
